<?xml version="1.0" encoding="UTF-8"?>
<!-- Unpack *-ctl-scripts.zip assembly in the TE_BASE/scripts directory -->
<!-- Add this entry to TE_BASE/config.xml (//organization/standard) -->
<organization>
  <name>OGC</name>
  <standard>
    <name>OpenSearch Geo and Time Extensions</name>
    <version>
      <name>1.0 (pending)</name>
      <suite>
        <namespace-uri>http://www.opengis.net/cite/osxgeotime</namespace-uri>
        <prefix>tns</prefix>
        <local-name>ets-osxgeotime-1.0-r1</local-name>
        <title>OpenSearch Geo and Time Extensions 1.0 Conformance Test Suite</title>
        <description>Checks OpenSearch Geo and Time Extensions document for conformance to OGC 10-032.</description>
      </suite>
      <revision>
        <name>1.0-r1</name>
        <status>Alpha</status>
        <sources>
          <source>osxgeotime/1.0-r1/osxgeotime-suite.xml</source>
        </sources>
        <webdir>osxgeotime/1.0-r1/web</webdir>
      </revision>
    </version>
  </standard>
</organization>
